fix_x,fix_y,mov_x,mov_y
125.93822281991191,56.740422451457675,119.7814680142202,84.68738469919703
77.64467110386681,21.32515119302468,65.20194926127266,21.769328358993647
138.8165032775239,129.1807500255253,123.57171237206376,171.8630049295993
141.23118086332613,94.57037129569301,128.87805447304476,131.68641473645738
