fix_x,fix_y,mov_x,mov_y
104.89199628135898,51.68780966462572,134.48007139093,92.05067611412464
43.38439937450502,37.3559424241937,37.62221279585708,41.89897858070745
46.96736618461304,82.74018868556175,34.55951370984687,120.38064265971909
99.51754606619701,110.80676203140774,113.04117778885853,161.34424293510563
93.545934716017,64.82535463502171,109.97847870284829,101.62161075790655
109.66928536150303,95.87773365595774,129.12034799041214,140.67102410453674
