fix_x,fix_y,mov_x,mov_y
138.4050363009099,56.235790592574745,119.16494848151797,74.01542768682921
155.1052566427221,56.235790592574745,138.54594138948352,86.81419658831591
85.91862951235726,20.449604145834428,69.43258932145534,22.8203520808824
143.97177641484734,134.96540077540374,111.48568714062594,161.77841443988086
125.68105889762444,80.09324822373503,103.44074668826289,91.93370414891059
