fix_x,fix_y,mov_x,mov_y
109.61469914712313,58.566170974102874,122.35269238042594,84.49368343869105
90.8490336048909,64.82139282151365,102.53629502811657,88.76780835781662
118.21562918731291,123.46409764098928,125.07259005623308,147.05132998225594
24.387301476151833,102.35272390597811,29.487614592152568,126.84637581911697
61.91863256061623,20.252937158712143,62.12638670183861,21.158923273466996
