fix_x,fix_y,mov_x,mov_y
241.4814971396864,39.51278883883157,227.9604852744593,44.35267733284013
243.34169187882318,86.01765731725044,228.40439538266241,78.97766577268106
87.55038247612003,152.05457055660514,85.46534054126766,135.79815962267642
79.64455483478883,188.32836796977185,83.68970010845533,160.2132155738463
149.4018575524171,239.01867461124837,135.1832726600137,237.45357440118377
114.0581575088188,215.76624037203896,107.21693584321906,202.82858596134284
236.83101029184454,316.2167562854236,228.40439538266241,300.48880976602237
