fix_x,fix_y,mov_x,mov_y
167.36019714991855,278.26254772694244,160.64600991351216,259.9551664002325
177.6493993007687,268.4410365829491,168.01280385202534,256.4884398409322
233.30462911673098,318.9516653234863,229.1138594596933,283.78891149542216
240.31999421958338,103.34611116248959,229.54720027960587,87.91886089495443
237.51384817844237,36.93398818882031,229.98054109951835,43.28475644396292
187.47091044476204,119.71529640247849,172.77955287106323,105.68583451136857
150.055629896216,137.95524566989468,138.5456280979726,125.18617140743282
129.00953458765886,136.08448164246738,119.91197284173342,126.48619386717044
174.37556225277095,119.71529640247849,160.64600991351216,108.71922025075634
