fix_x,fix_y,mov_x,mov_y
84.62109210425429,61.96660765480709,97.04301340017622,85.72108308781759
30.598817329181955,116.75515583094426,33.05918441126073,142.42531476661694
76.57522139307328,39.74467902392627,96.6598766996438,36.679585419666864
175.80762683097208,30.549398211148002,192.82718853328316,40.127815724458685
175.04135342990725,81.12344268142846,191.6777784316859,73.84384537131234
174.65821672937483,258.898871728475,192.44405183275074,262.7302387337993
39.41096144142777,200.27895654701354,65.24266725598471,203.34405015127297
35.19645773557109,169.6280205044193,54.51483964107672,171.54370400708146
35.19645773557109,136.29512755809807,61.41130025066042,128.2492568469171
