fix_x,fix_y,mov_x,mov_y
90.87913958786986,34.77008495065462,96.59076196161189,33.7070787808326
99.59087546135548,93.05574638992745,101.88597539517733,109.1638702091398
96.06469665542083,62.357248550025744,102.54787707437296,67.68469831287736
