fix_x,fix_y,mov_x,mov_y
105.53035644938517,53.29949265917034,107.70701392383637,54.76173521290508
104.95876423132917,144.4684514390999,107.70701392383637,165.80267799342062
106.95933699452512,99.02687010364912,107.70701392383637,111.36027400879892
107.24513310355313,77.87795803557768,107.70701392383637,85.7561731249422
106.10194866744116,124.17692769811246,107.70701392383637,142.35471192083602
