fix_x,fix_y,mov_x,mov_y
247.3968197251745,41.10959691376786,228.47501744533116,43.760057338389004
248.65720735382257,78.50109656366016,228.90043129902568,62.90368075464721
247.81694893472388,135.63866906237203,229.32584515272032,110.12461851475081
176.81511252088336,119.25362988994732,159.55797314680154,108.42296309997226
109.17430978343769,164.62758452127733,103.40334445911077,147.13562378618332
133.96193314684945,174.71068555046176,118.29282933842279,164.577591787663
149.92684310972487,136.05879827192138,134.03314192512397,130.54448349209287
138.163225242343,131.4373769668785,127.65193411970455,122.8870341255896
