fix_x,fix_y,mov_x,mov_y
162.7154303201654,237.3221453012908,158.8449071043633,271.9039581984648
227.49988289709,35.46327172319036,229.46360681767135,42.064215032170296
229.8700457962458,73.38587810968284,229.9022322817292,83.29500865360484
191.15738511003474,104.59302294856724,182.96930762754312,109.61253649707368
135.06352983001466,104.98805009842653,128.57975008437415,120.13954763446117
153.23477872354226,110.12340304659736,144.80889225451324,121.89404949069245
178.91154346439657,101.82783289955216,164.98566360117275,108.29666010490018
161.92537602044683,98.27258855081848,150.94964875132268,107.85803464084239
