fix_x,fix_y,mov_x,mov_y
109.11641290365978,217.47761953204477,99.50183581331277,213.86302862955966
90.91609846733314,152.22283362619072,85.65871047476531,142.41463978544346
83.36962662788062,188.1795523906409,70.92248027566637,187.51643524329182
124.20935658256482,220.5849902894664,108.879436849103,211.63026647818103
102.45776128061345,121.14912605197446,96.82252123165841,120.08701827165714
236.51861395794634,35.03056506057527,229.00204059327342,43.72655269450797
240.95771503997724,82.97285674650885,228.10893573272193,78.55764225601462
242.28944536458647,251.21478775547953,228.55548816299762,229.9389161194858
