fix_x,fix_y,mov_x,mov_y
201.67393265201457,271.29448018919027,208.40680950419238,268.17638160415373
201.67393265201457,35.46327172319036,208.40680950419238,37.83988188820331
204.83414985088893,76.5460953085572,208.40680950419238,83.59433089799313
206.01923130046686,127.50459764040642,208.79787317094275,137.5611169095401
121.48342123057743,91.95215415306976,130.58513982087464,83.98539456474347
94.62157504014529,61.14003646404461,103.6017468151012,73.03561189573395
