fix_x,fix_y,mov_x,mov_y
213.13508064516128,89.64290927419353,195.41046849795714,71.10523248283894
214.96102150537632,129.0832318548387,195.07372455287236,117.23915295946114
210.94395161290322,276.61925336021505,195.74721244304203,258.3348659500065
216.05658602150538,38.516565188172024,195.41046849795714,38.4410698096101
82.76290322580645,133.10030174731182,60.03940257385415,118.58612873980047
