fix_x,fix_y,mov_x,mov_y
216.71204880810257,211.91576201852374,207.63734143545412,184.11103719489935
217.49479492993356,177.08355959704423,206.93088560660476,147.37533409473568
149.39588233063654,49.49594173859117,138.75789812264725,44.23278308273768
56.249093832747505,173.95257510972024,68.8187710665664,142.78337120721523
215.92930268627157,295.2782239935253,207.28411352102944,271.0051041433634
