fix_x,fix_y,mov_x,mov_y
57.83913493627533,123.74859038482981,43.61917953497539,100.48923253755399
136.26856799630116,119.4987196278826,117.39941760819414,102.8039066731844
93.38350853983384,98.24936584314653,78.04995730247748,75.89581984648109
70.97509909411217,110.61262622699297,58.37522714961915,83.41851078727987
117.33732553353629,107.52181113103134,101.19669865878137,83.70784505423364
132.40504912634913,193.6782819309612,115.95274627342513,171.66546220818856
133.95045667432993,158.1339083274027,117.39941760819414,138.10268724154787
135.88221610930594,139.97536963862825,117.68875187514794,121.89996829213513
132.0186972393539,177.45150267716275,116.82074907428654,154.5947404579144
