fix_x,fix_y,mov_x,mov_y
59.380679787135705,154.86935242136263,68.71397849462369,141.06304569892473
140.01999523381178,50.67696959174651,131.52043010752692,49.295841397849415
164.77067621249455,112.95287657036766,147.57096774193548,96.05175537634406
217.46567442517397,146.0868527192494,207.23709677419362,149.088314516129
219.06249255283092,257.86412165523603,206.8881720430108,267.02487365591395
