fix_x,fix_y,mov_x,mov_y
229.13559884440946,37.567796211041866,214.37890330225275,39.676001695493994
230.77928607286555,105.78081619196757,214.75214746516156,94.91613780598368
169.551936812878,108.65726884176564,152.79361642231493,99.39506776088825
207.76766487448094,113.17740872001974,188.2518118986428,100.88804441252307
75.8617647908837,190.01978665033965,68.4404356049456,175.53687699426592
106.26997851732047,134.54534268994826,96.43374782309917,121.41647337250237
87.367575390076,157.55696388833283,80.38424881802445,142.69139065829907
137.5000358579852,113.99925233424779,119.9481300863481,104.6204860416102
