fix_x,fix_y,mov_x,mov_y
184.01036563370695,290.93883858661735,175.54673954579187,265.7853375092722
97.11629868524291,202.11379237263185,81.41738748352952,177.9081195323262
184.78275733991552,207.52053431609184,175.1993987632742,181.03418657498435
112.17793695631003,47.63545113091794,81.41738748352952,44.18191826306054
185.9413448992284,22.53272067913946,158.52704120243072,22.29944896445346
