fix_x,fix_y,mov_x,mov_y
196.44146852899837,195.00910739306025,206.04948455484197,186.9304553107817
197.5223459471378,276.4352062262307,205.33360931494127,274.9831098185586
