fix_x,fix_y,mov_x,mov_y
118.58993002097493,41.51889832560016,102.0228975223427,39.12933505965037
123.18390358261492,156.01485478493515,104.87132071664587,156.17363358919818
122.12375583762106,96.99996364694456,105.90711096911974,99.46411726625357
121.06360809262723,66.96244420545236,105.13026827976432,71.23883288634048
120.71022551096262,130.57130890508293,104.87132071664587,129.24308702487744
