fix_x,fix_y,mov_x,mov_y
195.8062411895553,197.42137146624907,181.7261118918994,186.40852574442778
197.28979843013883,283.09680210994804,181.7261118918994,271.0372243350484
106.42191744439744,194.0833676749361,76.82919557159232,189.25318788192763
