fix_x,fix_y,mov_x,mov_y
226.5266483351952,118.16887515618004,216.04091610194797,105.56026068220083
229.33439840294494,43.96405193707915,216.04091610194797,51.73185880302833
175.98714711569943,45.96958769975754,174.29644117524282,44.04208710600369
130.66203887916754,117.76776800364439,128.5239905977151,100.43374621751775
226.1255411826595,296.6615580345579,216.4070957065682,280.22793208604634
