fix_x,fix_y,mov_x,mov_y
104.74115267374748,26.550027183038935,102.58619374706501,38.321207276954965
103.1514071650806,133.38092536545332,107.1679802210183,136.42534118983764
106.96679638588111,81.55522178291301,107.70701392383637,89.52940904466843
107.92064369108124,49.76031160957541,107.1679802210183,64.46434186362976
106.01294908068098,107.62704812504984,107.70701392383637,115.4030267799342
60.54622753280822,34.81670382810671,61.61963233289424,58.26545428122233
