fix_x,fix_y,mov_x,mov_y
55.577822580645176,141.6648676075269,30.638613055945996,137.18937137205495
109.66706989247314,62.91728696236561,86.103637605286,40.55092369099617
236.14045698924733,35.87266330645167,189.20733354669727,39.18981879407988
234.5495967741936,82.0076095430108,189.54760977092639,71.85633632007153
232.16330645161295,127.34712567204303,188.86705732246816,123.91859862712082
233.7541666666667,276.49027083333334,189.20733354669727,262.07074566412734
121.99623655913979,82.80303965053764,90.18695229603497,80.02296570156949
59.15725806451613,202.1175557795699,48.33297671585814,182.1058329702935
80.63387096774193,169.90263642473118,66.70789282422845,147.39765809892734
