fix_x,fix_y,mov_x,mov_y
53.78753174209993,158.9994581536962,65.86073293721859,146.22767305224235
215.88009105716426,281.4351680401344,207.02709151064875,273.8818864725483
214.7250371903111,203.27652304973515,206.31592597627383,187.4752740459902
