fix_x,fix_y,mov_x,mov_y
209.8706008406824,91.48186763372615,201.74568928145953,83.08408590502873
209.8706008406824,122.306890299184,202.0930300639771,120.59689041692664
208.05736421330255,275.3440616500453,201.74568928145953,266.48001907430734
85.48256820242315,132.4610154125113,72.53491818492239,134.49052171762955
